image_id,image_filename,document_type,language,script,estimated_year,page_number,width,height,dpi,source_type,degradation_type,blur_level,noise_level,contrast_level,skew_angle,rotation_angle,has_border,has_table,has_multiple_columns,ground_truth_available
IMG_001,IMG_001.png,letter,English,Latin,1882,1,1800,2400,300,synthetic_generated,clean,0,0,1.0,0.0,0.0,True,False,False,True
IMG_002,IMG_002.png,letter,English,Latin,1901,1,1800,2400,300,synthetic_generated,low_contrast,0,0,0.55,0.0,0.0,True,False,False,True
IMG_003,IMG_003.png,letter,English,Latin,1885,1,1800,2400,300,synthetic_generated,noise,0,0.15,1.0,0.0,0.0,True,False,False,True
IMG_004,IMG_004.png,letter,English,Latin,1920,1,1800,2400,300,synthetic_generated,blur,1.8,0,1.0,0.0,0.0,True,False,False,True
IMG_005,IMG_005.png,letter,English,Latin,1920,1,1800,2400,300,synthetic_generated,skew,0,0,1.0,2.0,0.0,True,False,False,True
IMG_006,IMG_006.png,letter,English,Latin,1921,1,1800,2400,300,synthetic_generated,faded_ink,0,0,0.45,0.0,0.0,True,False,False,True
IMG_007,IMG_007.png,letter,English,Latin,1928,1,1800,2400,300,synthetic_generated,uneven_illumination,0,0,1.0,0.0,0.0,True,False,False,True
IMG_008,IMG_008.png,letter,English,Latin,1929,1,1800,2400,300,synthetic_generated,noise_blur,1,0.1,1.0,0.0,0.0,True,False,False,True
IMG_009,IMG_009.png,letter,English,Latin,1903,1,1800,2400,300,synthetic_generated,clean,0,0,1.0,0.0,0.0,True,False,False,True
IMG_010,IMG_010.png,letter,English,Latin,1926,1,1800,2400,300,synthetic_generated,low_contrast,0,0,0.55,0.0,0.0,True,False,False,True
IMG_011,IMG_011.png,letter,English,Latin,1908,1,1800,2400,300,synthetic_generated,noise,0,0.15,1.0,0.0,0.0,True,False,False,True
IMG_012,IMG_012.png,letter,English,Latin,1882,1,1800,2400,300,synthetic_generated,blur,1.8,0,1.0,0.0,0.0,True,False,False,True
IMG_013,IMG_013.png,letter,English,Latin,1886,1,1800,2400,300,synthetic_generated,skew,0,0,1.0,2.0,0.0,True,False,False,True
IMG_014,IMG_014.png,letter,English,Latin,1908,1,1800,2400,300,synthetic_generated,faded_ink,0,0,0.45,0.0,0.0,True,False,False,True
IMG_015,IMG_015.png,letter,English,Latin,1906,1,1800,2400,300,synthetic_generated,uneven_illumination,0,0,1.0,0.0,0.0,True,False,False,True
IMG_016,IMG_016.png,letter,English,Latin,1893,1,1800,2400,300,synthetic_generated,noise_blur,1,0.1,1.0,0.0,0.0,True,False,False,True
IMG_017,IMG_017.png,letter,English,Latin,1884,1,1800,2400,300,synthetic_generated,clean,0,0,1.0,0.0,0.0,True,False,False,True
IMG_018,IMG_018.png,letter,English,Latin,1893,1,1800,2400,300,synthetic_generated,low_contrast,0,0,0.55,0.0,0.0,True,False,False,True
IMG_019,IMG_019.png,letter,English,Latin,1893,1,1800,2400,300,synthetic_generated,noise,0,0.15,1.0,0.0,0.0,True,False,False,True
IMG_020,IMG_020.png,letter,English,Latin,1888,1,1800,2400,300,synthetic_generated,blur,1.8,0,1.0,0.0,0.0,True,False,False,True
IMG_021,IMG_021.png,newspaper,English,Latin,1934,1,1800,2400,300,synthetic_generated,skew,0,0,1.0,2.0,0.0,True,False,True,True
IMG_022,IMG_022.png,newspaper,English,Latin,1880,1,1800,2400,300,synthetic_generated,faded_ink,0,0,0.45,0.0,0.0,True,False,True,True
IMG_023,IMG_023.png,newspaper,English,Latin,1930,1,1800,2400,300,synthetic_generated,uneven_illumination,0,0,1.0,0.0,0.0,True,False,True,True
IMG_024,IMG_024.png,newspaper,English,Latin,1906,1,1800,2400,300,synthetic_generated,noise_blur,1,0.1,1.0,0.0,0.0,True,False,True,True
IMG_025,IMG_025.png,newspaper,English,Latin,1902,1,1800,2400,300,synthetic_generated,clean,0,0,1.0,0.0,0.0,True,False,True,True
IMG_026,IMG_026.png,newspaper,English,Latin,1881,1,1800,2400,300,synthetic_generated,low_contrast,0,0,0.55,0.0,0.0,True,False,True,True
IMG_027,IMG_027.png,newspaper,English,Latin,1887,1,1800,2400,300,synthetic_generated,noise,0,0.15,1.0,0.0,0.0,True,False,True,True
IMG_028,IMG_028.png,newspaper,English,Latin,1922,1,1800,2400,300,synthetic_generated,blur,1.8,0,1.0,0.0,0.0,True,False,True,True
IMG_029,IMG_029.png,newspaper,English,Latin,1906,1,1800,2400,300,synthetic_generated,skew,0,0,1.0,2.0,0.0,True,False,True,True
IMG_030,IMG_030.png,newspaper,English,Latin,1921,1,1800,2400,300,synthetic_generated,faded_ink,0,0,0.45,0.0,0.0,True,False,True,True
IMG_031,IMG_031.png,newspaper,English,Latin,1923,1,1800,2400,300,synthetic_generated,uneven_illumination,0,0,1.0,0.0,0.0,True,False,True,True
IMG_032,IMG_032.png,newspaper,English,Latin,1911,1,1800,2400,300,synthetic_generated,noise_blur,1,0.1,1.0,0.0,0.0,True,False,True,True
IMG_033,IMG_033.png,newspaper,English,Latin,1909,1,1800,2400,300,synthetic_generated,clean,0,0,1.0,0.0,0.0,True,False,True,True
IMG_034,IMG_034.png,newspaper,English,Latin,1908,1,1800,2400,300,synthetic_generated,low_contrast,0,0,0.55,0.0,0.0,True,False,True,True
IMG_035,IMG_035.png,newspaper,English,Latin,1900,1,1800,2400,300,synthetic_generated,noise,0,0.15,1.0,0.0,0.0,True,False,True,True
IMG_036,IMG_036.png,newspaper,English,Latin,1883,1,1800,2400,300,synthetic_generated,blur,1.8,0,1.0,0.0,0.0,True,False,True,True
IMG_037,IMG_037.png,newspaper,English,Latin,1927,1,1800,2400,300,synthetic_generated,skew,0,0,1.0,2.0,0.0,True,False,True,True
IMG_038,IMG_038.png,newspaper,English,Latin,1888,1,1800,2400,300,synthetic_generated,faded_ink,0,0,0.45,0.0,0.0,True,False,True,True
IMG_039,IMG_039.png,newspaper,English,Latin,1904,1,1800,2400,300,synthetic_generated,uneven_illumination,0,0,1.0,0.0,0.0,True,False,True,True
IMG_040,IMG_040.png,newspaper,English,Latin,1883,1,1800,2400,300,synthetic_generated,noise_blur,1,0.1,1.0,0.0,0.0,True,False,True,True
IMG_041,IMG_041.png,marriage_register,English,Latin,1924,1,1800,2400,300,synthetic_generated,clean,0,0,1.0,0.0,0.0,True,False,False,True
IMG_042,IMG_042.png,marriage_register,English,Latin,1917,1,1800,2400,300,synthetic_generated,low_contrast,0,0,0.55,0.0,0.0,True,False,False,True
IMG_043,IMG_043.png,marriage_register,English,Latin,1934,1,1800,2400,300,synthetic_generated,noise,0,0.15,1.0,0.0,0.0,True,False,False,True
IMG_044,IMG_044.png,marriage_register,English,Latin,1897,1,1800,2400,300,synthetic_generated,blur,1.8,0,1.0,0.0,0.0,True,False,False,True
IMG_045,IMG_045.png,marriage_register,English,Latin,1902,1,1800,2400,300,synthetic_generated,skew,0,0,1.0,2.0,0.0,True,False,False,True
IMG_046,IMG_046.png,marriage_register,English,Latin,1921,1,1800,2400,300,synthetic_generated,faded_ink,0,0,0.45,0.0,0.0,True,False,False,True
IMG_047,IMG_047.png,marriage_register,English,Latin,1901,1,1800,2400,300,synthetic_generated,uneven_illumination,0,0,1.0,0.0,0.0,True,False,False,True
IMG_048,IMG_048.png,marriage_register,English,Latin,1918,1,1800,2400,300,synthetic_generated,noise_blur,1,0.1,1.0,0.0,0.0,True,False,False,True
IMG_049,IMG_049.png,marriage_register,English,Latin,1886,1,1800,2400,300,synthetic_generated,clean,0,0,1.0,0.0,0.0,True,False,False,True
IMG_050,IMG_050.png,marriage_register,English,Latin,1920,1,1800,2400,300,synthetic_generated,low_contrast,0,0,0.55,0.0,0.0,True,False,False,True
IMG_051,IMG_051.png,marriage_register,English,Latin,1908,1,1800,2400,300,synthetic_generated,noise,0,0.15,1.0,0.0,0.0,True,False,False,True
IMG_052,IMG_052.png,marriage_register,English,Latin,1884,1,1800,2400,300,synthetic_generated,blur,1.8,0,1.0,0.0,0.0,True,False,False,True
IMG_053,IMG_053.png,marriage_register,English,Latin,1887,1,1800,2400,300,synthetic_generated,skew,0,0,1.0,2.0,0.0,True,False,False,True
IMG_054,IMG_054.png,marriage_register,English,Latin,1912,1,1800,2400,300,synthetic_generated,faded_ink,0,0,0.45,0.0,0.0,True,False,False,True
IMG_055,IMG_055.png,marriage_register,English,Latin,1882,1,1800,2400,300,synthetic_generated,uneven_illumination,0,0,1.0,0.0,0.0,True,False,False,True
IMG_056,IMG_056.png,directory,English,Latin,1922,1,1800,2400,300,synthetic_generated,noise_blur,1,0.1,1.0,0.0,0.0,True,False,False,True
IMG_057,IMG_057.png,directory,English,Latin,1929,1,1800,2400,300,synthetic_generated,clean,0,0,1.0,0.0,0.0,True,False,False,True
IMG_058,IMG_058.png,directory,English,Latin,1897,1,1800,2400,300,synthetic_generated,low_contrast,0,0,0.55,0.0,0.0,True,False,False,True
IMG_059,IMG_059.png,directory,English,Latin,1885,1,1800,2400,300,synthetic_generated,noise,0,0.15,1.0,0.0,0.0,True,False,False,True
IMG_060,IMG_060.png,directory,English,Latin,1915,1,1800,2400,300,synthetic_generated,blur,1.8,0,1.0,0.0,0.0,True,False,False,True
IMG_061,IMG_061.png,directory,English,Latin,1926,1,1800,2400,300,synthetic_generated,skew,0,0,1.0,2.0,0.0,True,False,False,True
IMG_062,IMG_062.png,directory,English,Latin,1935,1,1800,2400,300,synthetic_generated,faded_ink,0,0,0.45,0.0,0.0,True,False,False,True
IMG_063,IMG_063.png,directory,English,Latin,1882,1,1800,2400,300,synthetic_generated,uneven_illumination,0,0,1.0,0.0,0.0,True,False,False,True
IMG_064,IMG_064.png,directory,English,Latin,1910,1,1800,2400,300,synthetic_generated,noise_blur,1,0.1,1.0,0.0,0.0,True,False,False,True
IMG_065,IMG_065.png,directory,English,Latin,1884,1,1800,2400,300,synthetic_generated,clean,0,0,1.0,0.0,0.0,True,False,False,True
IMG_066,IMG_066.png,directory,English,Latin,1902,1,1800,2400,300,synthetic_generated,low_contrast,0,0,0.55,0.0,0.0,True,False,False,True
IMG_067,IMG_067.png,directory,English,Latin,1911,1,1800,2400,300,synthetic_generated,noise,0,0.15,1.0,0.0,0.0,True,False,False,True
IMG_068,IMG_068.png,directory,English,Latin,1902,1,1800,2400,300,synthetic_generated,blur,1.8,0,1.0,0.0,0.0,True,False,False,True
IMG_069,IMG_069.png,directory,English,Latin,1916,1,1800,2400,300,synthetic_generated,skew,0,0,1.0,2.0,0.0,True,False,False,True
IMG_070,IMG_070.png,directory,English,Latin,1894,1,1800,2400,300,synthetic_generated,faded_ink,0,0,0.45,0.0,0.0,True,False,False,True
IMG_071,IMG_071.png,obituary_card,English,Latin,1898,1,1800,2400,300,synthetic_generated,uneven_illumination,0,0,1.0,0.0,0.0,True,False,False,True
IMG_072,IMG_072.png,obituary_card,English,Latin,1927,1,1800,2400,300,synthetic_generated,noise_blur,1,0.1,1.0,0.0,0.0,True,False,False,True
IMG_073,IMG_073.png,obituary_card,English,Latin,1887,1,1800,2400,300,synthetic_generated,clean,0,0,1.0,0.0,0.0,True,False,False,True
IMG_074,IMG_074.png,obituary_card,English,Latin,1894,1,1800,2400,300,synthetic_generated,low_contrast,0,0,0.55,0.0,0.0,True,False,False,True
IMG_075,IMG_075.png,obituary_card,English,Latin,1888,1,1800,2400,300,synthetic_generated,noise,0,0.15,1.0,0.0,0.0,True,False,False,True
IMG_076,IMG_076.png,obituary_card,English,Latin,1893,1,1800,2400,300,synthetic_generated,blur,1.8,0,1.0,0.0,0.0,True,False,False,True
IMG_077,IMG_077.png,obituary_card,English,Latin,1885,1,1800,2400,300,synthetic_generated,skew,0,0,1.0,2.0,0.0,True,False,False,True
IMG_078,IMG_078.png,obituary_card,English,Latin,1893,1,1800,2400,300,synthetic_generated,faded_ink,0,0,0.45,0.0,0.0,True,False,False,True
IMG_079,IMG_079.png,obituary_card,English,Latin,1880,1,1800,2400,300,synthetic_generated,uneven_illumination,0,0,1.0,0.0,0.0,True,False,False,True
IMG_080,IMG_080.png,obituary_card,English,Latin,1929,1,1800,2400,300,synthetic_generated,noise_blur,1,0.1,1.0,0.0,0.0,True,False,False,True
IMG_081,IMG_081.png,certificate,English,Latin,1934,1,1800,2400,300,synthetic_generated,clean,0,0,1.0,0.0,0.0,True,False,False,True
IMG_082,IMG_082.png,certificate,English,Latin,1915,1,1800,2400,300,synthetic_generated,low_contrast,0,0,0.55,0.0,0.0,True,False,False,True
IMG_083,IMG_083.png,certificate,English,Latin,1908,1,1800,2400,300,synthetic_generated,noise,0,0.15,1.0,0.0,0.0,True,False,False,True
IMG_084,IMG_084.png,certificate,English,Latin,1884,1,1800,2400,300,synthetic_generated,blur,1.8,0,1.0,0.0,0.0,True,False,False,True
IMG_085,IMG_085.png,certificate,English,Latin,1906,1,1800,2400,300,synthetic_generated,skew,0,0,1.0,2.0,0.0,True,False,False,True
IMG_086,IMG_086.png,certificate,English,Latin,1902,1,1800,2400,300,synthetic_generated,faded_ink,0,0,0.45,0.0,0.0,True,False,False,True
IMG_087,IMG_087.png,certificate,English,Latin,1881,1,1800,2400,300,synthetic_generated,uneven_illumination,0,0,1.0,0.0,0.0,True,False,False,True
IMG_088,IMG_088.png,certificate,English,Latin,1893,1,1800,2400,300,synthetic_generated,noise_blur,1,0.1,1.0,0.0,0.0,True,False,False,True
IMG_089,IMG_089.png,certificate,English,Latin,1883,1,1800,2400,300,synthetic_generated,clean,0,0,1.0,0.0,0.0,True,False,False,True
IMG_090,IMG_090.png,certificate,English,Latin,1887,1,1800,2400,300,synthetic_generated,low_contrast,0,0,0.55,0.0,0.0,True,False,False,True
IMG_091,IMG_091.png,notice,English,Latin,1928,1,1800,2400,300,synthetic_generated,noise,0,0.15,1.0,0.0,0.0,True,False,False,True
IMG_092,IMG_092.png,notice,English,Latin,1884,1,1800,2400,300,synthetic_generated,blur,1.8,0,1.0,0.0,0.0,True,False,False,True
IMG_093,IMG_093.png,notice,English,Latin,1881,1,1800,2400,300,synthetic_generated,skew,0,0,1.0,2.0,0.0,True,False,False,True
IMG_094,IMG_094.png,notice,English,Latin,1935,1,1800,2400,300,synthetic_generated,faded_ink,0,0,0.45,0.0,0.0,True,False,False,True
IMG_095,IMG_095.png,notice,English,Latin,1886,1,1800,2400,300,synthetic_generated,uneven_illumination,0,0,1.0,0.0,0.0,True,False,False,True
IMG_096,IMG_096.png,notice,English,Latin,1921,1,1800,2400,300,synthetic_generated,noise_blur,1,0.1,1.0,0.0,0.0,True,False,False,True
IMG_097,IMG_097.png,notice,English,Latin,1912,1,1800,2400,300,synthetic_generated,clean,0,0,1.0,0.0,0.0,True,False,False,True
IMG_098,IMG_098.png,notice,English,Latin,1917,1,1800,2400,300,synthetic_generated,low_contrast,0,0,0.55,0.0,0.0,True,False,False,True
IMG_099,IMG_099.png,notice,English,Latin,1912,1,1800,2400,300,synthetic_generated,noise,0,0.15,1.0,0.0,0.0,True,False,False,True
IMG_100,IMG_100.png,notice,English,Latin,1929,1,1800,2400,300,synthetic_generated,blur,1.8,0,1.0,0.0,0.0,True,False,False,True
