image_id,document_type,degradation_type,estimated_year
IMG_001,letter,clean,1882
IMG_002,letter,low_contrast,1901
IMG_003,letter,noise,1885
IMG_004,letter,blur,1920
IMG_005,letter,skew,1920
IMG_006,letter,faded_ink,1921
IMG_007,letter,uneven_illumination,1928
IMG_008,letter,noise_blur,1929
IMG_009,letter,clean,1903
IMG_010,letter,low_contrast,1926
IMG_011,letter,noise,1908
IMG_012,letter,blur,1882
IMG_013,letter,skew,1886
IMG_014,letter,faded_ink,1908
IMG_015,letter,uneven_illumination,1906
IMG_016,letter,noise_blur,1893
IMG_017,letter,clean,1884
IMG_018,letter,low_contrast,1893
IMG_019,letter,noise,1893
IMG_020,letter,blur,1888
IMG_021,newspaper,skew,1934
IMG_022,newspaper,faded_ink,1880
IMG_023,newspaper,uneven_illumination,1930
IMG_024,newspaper,noise_blur,1906
IMG_025,newspaper,clean,1902
IMG_026,newspaper,low_contrast,1881
IMG_027,newspaper,noise,1887
IMG_028,newspaper,blur,1922
IMG_029,newspaper,skew,1906
IMG_030,newspaper,faded_ink,1921
IMG_031,newspaper,uneven_illumination,1923
IMG_032,newspaper,noise_blur,1911
IMG_033,newspaper,clean,1909
IMG_034,newspaper,low_contrast,1908
IMG_035,newspaper,noise,1900
IMG_036,newspaper,blur,1883
IMG_037,newspaper,skew,1927
IMG_038,newspaper,faded_ink,1888
IMG_039,newspaper,uneven_illumination,1904
IMG_040,newspaper,noise_blur,1883
IMG_041,marriage_register,clean,1924
IMG_042,marriage_register,low_contrast,1917
IMG_043,marriage_register,noise,1934
IMG_044,marriage_register,blur,1897
IMG_045,marriage_register,skew,1902
IMG_046,marriage_register,faded_ink,1921
IMG_047,marriage_register,uneven_illumination,1901
IMG_048,marriage_register,noise_blur,1918
IMG_049,marriage_register,clean,1886
IMG_050,marriage_register,low_contrast,1920
IMG_051,marriage_register,noise,1908
IMG_052,marriage_register,blur,1884
IMG_053,marriage_register,skew,1887
IMG_054,marriage_register,faded_ink,1912
IMG_055,marriage_register,uneven_illumination,1882
IMG_056,directory,noise_blur,1922
IMG_057,directory,clean,1929
IMG_058,directory,low_contrast,1897
IMG_059,directory,noise,1885
IMG_060,directory,blur,1915
IMG_061,directory,skew,1926
IMG_062,directory,faded_ink,1935
IMG_063,directory,uneven_illumination,1882
IMG_064,directory,noise_blur,1910
IMG_065,directory,clean,1884
IMG_066,directory,low_contrast,1902
IMG_067,directory,noise,1911
IMG_068,directory,blur,1902
IMG_069,directory,skew,1916
IMG_070,directory,faded_ink,1894
IMG_071,obituary_card,uneven_illumination,1898
IMG_072,obituary_card,noise_blur,1927
IMG_073,obituary_card,clean,1887
IMG_074,obituary_card,low_contrast,1894
IMG_075,obituary_card,noise,1888
IMG_076,obituary_card,blur,1893
IMG_077,obituary_card,skew,1885
IMG_078,obituary_card,faded_ink,1893
IMG_079,obituary_card,uneven_illumination,1880
IMG_080,obituary_card,noise_blur,1929
IMG_081,certificate,clean,1934
IMG_082,certificate,low_contrast,1915
IMG_083,certificate,noise,1908
IMG_084,certificate,blur,1884
IMG_085,certificate,skew,1906
IMG_086,certificate,faded_ink,1902
IMG_087,certificate,uneven_illumination,1881
IMG_088,certificate,noise_blur,1893
IMG_089,certificate,clean,1883
IMG_090,certificate,low_contrast,1887
IMG_091,notice,noise,1928
IMG_092,notice,blur,1884
IMG_093,notice,skew,1881
IMG_094,notice,faded_ink,1935
IMG_095,notice,uneven_illumination,1886
IMG_096,notice,noise_blur,1921
IMG_097,notice,clean,1912
IMG_098,notice,low_contrast,1917
IMG_099,notice,noise,1912
IMG_100,notice,blur,1929
DEMO_HIST_01,synthetic_demo,clean,1789
DEMO_HIST_02,synthetic_demo,clean,1789
DEMO_HIST_03,synthetic_demo,clean,1789
