image_id,document_type,degradation_type,mode,paddle_status,tesseract_status,paddle_empty_result,tesseract_empty_result,paddle_cer,tesseract_cer,paddle_wer,tesseract_wer,paddle_iou,tesseract_iou,paddle_precision,tesseract_precision,paddle_recall,tesseract_recall,paddle_f1,tesseract_f1,paddle_runtime,tesseract_runtime,paddle_confidence,tesseract_confidence,tesseract_prep_status,tesseract_prep_empty_result,tesseract_prep_cer,tesseract_prep_wer,tesseract_prep_iou,tesseract_prep_precision,tesseract_prep_recall,tesseract_prep_f1,tesseract_prep_runtime,tesseract_prep_confidence
IMG_004,handwritten,blur,strict,success,success,False,False,0.2267,0.72,0.75,0.9167,,,,,,,,,7.2925,1.0217,0.8448,0.2744,success,False,0.4933,0.8333,,,,,0.4031,0.25
IMG_004,handwritten,blur,normalized,success,success,False,False,0.1918,0.6849,0.7692,0.9231,,,,,,,,,7.2925,1.0217,0.8448,0.2744,success,False,0.4795,0.8462,,,,,0.4031,0.25
IMG_005,handwritten,skew,strict,success,success,False,False,0.344,0.784,1.0588,0.9412,,,,,,,,,4.4003,0.3146,0.8607,0.4186,success,False,0.728,1.0,,,,,0.3258,0.2877
IMG_005,handwritten,skew,normalized,success,success,False,False,0.2975,0.7686,0.6087,0.8696,,,,,,,,,4.4003,0.3146,0.8607,0.4186,success,False,0.6694,0.913,,,,,0.3258,0.2877
IMG_007,handwritten,uneven_illumination,strict,success,success,False,True,0.1915,1.0,0.5,1.0,,,,,,,,,3.3117,0.3061,0.8342,0.0,success,False,0.9149,1.0,,,,,0.2949,0.095
IMG_007,handwritten,uneven_illumination,normalized,success,success,False,True,0.1739,1.0,0.3333,1.0,,,,,,,,,3.3117,0.3061,0.8342,0.0,success,False,0.8261,1.0,,,,,0.2949,0.095
IMG_008,printed,noise_blur,strict,success,success,False,True,0.0468,1.0,0.2368,1.0,,,,,,,,,3.2187,0.2193,0.9572,0.0,success,True,1.0,1.0,,,,,0.2168,0.0
IMG_008,printed,noise_blur,normalized,success,success,False,True,0.0444,1.0,0.2162,1.0,,,,,,,,,3.2187,0.2193,0.9572,0.0,success,True,1.0,1.0,,,,,0.2168,0.0
IMG_009,handwritten,clean,strict,success,success,False,False,0.9778,0.9,1.0,1.0,,,,,,,,,6.4005,0.5076,0.7311,0.3433,success,True,1.0,1.0,,,,,0.4943,0.0
IMG_009,handwritten,clean,normalized,success,success,False,False,0.977,0.8851,1.0,1.0,,,,,,,,,6.4005,0.5076,0.7311,0.3433,success,True,1.0,1.0,,,,,0.4943,0.0
IMG_010,printed,low_contrast,strict,success,success,False,False,0.0043,0.0128,0.0316,0.0823,,,,,,,,,11.6984,0.6271,0.9935,0.9168,success,False,0.0223,0.1519,,,,,0.5616,0.8707
IMG_010,printed,low_contrast,normalized,success,success,False,False,0.0,0.0099,0.0,0.0566,,,,,,,,,11.6984,0.6271,0.9935,0.9168,success,False,0.0198,0.1069,,,,,0.5616,0.8707
IMG_022,printed,faded_ink,strict,success,success,False,False,0.7879,0.6501,1.1296,1.0741,,,,,,,,,9.5277,0.4376,0.9067,0.7523,success,False,0.9146,1.4815,,,,,0.4701,0.5878
IMG_022,printed,faded_ink,normalized,success,success,False,False,0.7954,0.6455,1.0943,1.0189,,,,,,,,,9.5277,0.4376,0.9067,0.7523,success,False,0.902,1.4151,,,,,0.4701,0.5878
IMG_026,printed,low_contrast,strict,success,success,False,False,0.0315,0.0315,0.5,0.5,,,,,,,,,8.4197,0.3437,0.9803,0.9195,success,False,0.0315,0.5,,,,,0.3275,0.8935
IMG_026,printed,low_contrast,normalized,success,success,False,False,0.0,0.0,0.0,0.0,,,,,,,,,8.4197,0.3437,0.9803,0.9195,success,False,0.0,0.0,,,,,0.3275,0.8935
IMG_033,handwritten,clean,strict,success,success,False,False,2.3971,2.1225,2.7222,3.0278,,,,,,,,,18.7148,0.8213,0.9376,0.563,success,False,2.0686,2.7778,,,,,0.6714,0.5673
IMG_033,handwritten,clean,normalized,success,success,False,False,2.3452,1.8579,2.4,2.525,,,,,,,,,18.7148,0.8213,0.9376,0.563,success,False,1.8832,2.375,,,,,0.6714,0.5673
IMG_034,printed,low_contrast,strict,success,success,False,False,0.6611,0.5738,0.9733,0.8933,,,,,,,,,21.1079,1.0994,0.9925,0.8881,success,False,0.6383,0.96,,,,,0.7711,0.9349
IMG_034,printed,low_contrast,normalized,success,success,False,False,0.6674,0.5674,1.0,0.9452,,,,,,,,,21.1079,1.0994,0.9925,0.8881,success,False,0.6391,1.0,,,,,0.7711,0.9349
IMG_035,handwritten,noise,strict,success,success,False,False,0.0714,0.8469,0.6,0.9333,,,,,,,,,5.5135,0.3291,0.9702,0.75,success,False,0.1327,0.6667,,,,,0.3315,0.7573
IMG_035,handwritten,noise,normalized,success,success,False,False,0.044,0.8352,0.3846,0.8462,,,,,,,,,5.5135,0.3291,0.9702,0.75,success,False,0.0769,0.6154,,,,,0.3315,0.7573
IMG_037,handwritten,skew,strict,success,success,False,False,11.9912,8.696,14.6923,12.8462,,,,,,,,,63.1173,2.0599,0.9717,0.4684,success,False,8.5859,12.9231,,,,,2.0479,0.3649
IMG_037,handwritten,skew,normalized,success,success,False,False,11.7093,8.3392,15.4615,12.5769,,,,,,,,,63.1173,2.0599,0.9717,0.4684,success,False,8.1982,12.7308,,,,,2.0479,0.3649
IMG_038,handwritten,faded_ink,strict,success,success,False,False,0.6941,0.9294,1.0769,1.9231,,,,,,,,,5.2389,0.414,0.7855,0.3608,success,False,1.1176,3.0,,,,,0.5162,0.3302
IMG_038,handwritten,faded_ink,normalized,success,success,False,False,0.6786,0.7738,1.0,1.1538,,,,,,,,,5.2389,0.414,0.7855,0.3608,success,False,0.7619,1.9231,,,,,0.5162,0.3302
IMG_039,printed,uneven_illumination,strict,success,success,False,False,0.028,0.028,0.3333,0.3333,,,,,,,,,12.9368,0.558,0.9951,0.9394,success,False,0.028,0.3333,,,,,0.505,0.939
IMG_039,printed,uneven_illumination,normalized,success,success,False,False,0.0,0.0,0.0,0.0,,,,,,,,,12.9368,0.558,0.9951,0.9394,success,False,0.0,0.0,,,,,0.505,0.939
IMG_040,printed,noise_blur,strict,success,success,False,False,0.0694,0.0833,0.6667,0.7778,,,,,,,,,9.4553,0.3662,0.997,0.8817,success,False,0.0694,0.6667,,,,,0.3368,0.925
IMG_040,printed,noise_blur,normalized,success,success,False,False,0.0,0.0,0.0,0.0,,,,,,,,,9.4553,0.3662,0.997,0.8817,success,False,0.0,0.0,,,,,0.3368,0.925
IMG_041,printed,clean,strict,success,success,False,False,2.1946,0.7946,2.5,1.0,,,,,,,,,16.5607,0.6598,0.8804,0.4252,success,False,1.7622,2.7941,,,,,0.6479,0.4482
IMG_041,printed,clean,normalized,success,success,False,False,2.1124,0.7584,2.5882,1.0,,,,,,,,,16.5607,0.6598,0.8804,0.4252,success,False,1.5112,2.2941,,,,,0.6479,0.4482
IMG_042,handwritten,low_contrast,strict,success,success,False,False,0.6842,0.4474,1.0714,0.6429,,,,,,,,,5.6178,0.3877,0.8404,0.2975,success,False,0.6316,1.0,,,,,0.375,0.3141
IMG_042,handwritten,low_contrast,normalized,success,success,False,False,0.68,0.4267,1.0714,0.6429,,,,,,,,,5.6178,0.3877,0.8404,0.2975,success,False,0.5333,0.8571,,,,,0.375,0.3141
IMG_043,handwritten,noise,strict,success,success,False,False,0.7753,0.7865,1.0,1.1333,,,,,,,,,5.502,0.3587,0.7868,0.4753,success,False,1.6404,4.3333,,,,,0.4342,0.1977
IMG_043,handwritten,noise,normalized,success,success,False,False,0.7471,0.7701,1.0,1.0,,,,,,,,,5.502,0.3587,0.7868,0.4753,success,False,1.0805,2.8,,,,,0.4342,0.1977
IMG_045,printed,skew,strict,success,success,False,False,1.9433,1.8357,2.0526,2.1053,,,,,,,,,23.782,1.2414,0.994,0.8861,success,False,1.9433,2.2982,,,,,0.9773,0.8838
IMG_045,printed,skew,normalized,success,success,False,False,1.868,1.7507,1.9828,2.0,,,,,,,,,23.782,1.2414,0.994,0.8861,success,False,1.8152,2.0517,,,,,0.9773,0.8838
IMG_049,printed,clean,strict,success,success,False,False,0.0909,0.2576,0.75,1.125,,,,,,,,,2.0977,0.2847,0.9584,0.4615,success,False,0.1515,0.875,,,,,0.3041,0.6208
IMG_049,printed,clean,normalized,success,success,False,False,0.0333,0.0,0.1,0.0,,,,,,,,,2.0977,0.2847,0.9584,0.4615,success,False,0.0167,0.1,,,,,0.3041,0.6208
