mode,Stratification,Group,Engine,N,Valid_N,Failure Rate,CER Mean,CER Std,CER Median,CER IQR,WER Mean,WER Std,WER Median,WER IQR,Word IoU Mean,Precision Mean,Recall Mean,F1 Mean,Runtime Mean,Runtime Std,Confidence Mean,Confidence Std
strict,document_type,handwritten,PaddleOCR,10,10,0.0,1.8353,3.6296,0.6892,0.6711,2.4472,4.346,1.0294,0.263,,,,,12.5109,18.2968,0.8563,0.0812
strict,document_type,handwritten,Tesseract (raw),10,10,0.0,1.7233,2.4893,0.8734,0.1977,2.4364,3.7241,1.0,0.7904,,,,,0.6521,0.5496,0.3951,0.1974
strict,document_type,handwritten,Tesseract (preprocessed),10,10,0.0,1.7313,2.4718,0.9574,0.854,2.8534,3.7449,1.0,1.9444,,,,,0.5894,0.5245,0.3164,0.2182
strict,document_type,printed,PaddleOCR,10,10,0.0,0.5858,0.8324,0.0802,0.7209,0.9174,0.7955,0.7084,0.7155,,,,,11.8805,7.0235,0.9655,0.0411
strict,document_type,printed,Tesseract (raw),10,10,0.0,0.5267,0.5825,0.4157,0.714,0.8891,0.5495,0.9466,0.4861,,,,,0.5837,0.3424,0.7071,0.3127
strict,document_type,printed,Tesseract (preprocessed),10,10,0.0,0.6561,0.7342,0.3949,0.9377,1.1061,0.8541,0.9175,0.8194,,,,,0.5118,0.236,0.7104,0.3045
strict,degradation_type,blur,PaddleOCR,1,1,0.0,0.2267,,0.2267,0.0,0.75,,0.75,0.0,,,,,7.2925,,0.8448,
strict,degradation_type,blur,Tesseract (raw),1,1,0.0,0.72,,0.72,0.0,0.9167,,0.9167,0.0,,,,,1.0217,,0.2744,
strict,degradation_type,blur,Tesseract (preprocessed),1,1,0.0,0.4933,,0.4933,0.0,0.8333,,0.8333,0.0,,,,,0.4031,,0.25,
strict,degradation_type,skew,PaddleOCR,3,3,0.0,4.7595,6.3137,1.9433,5.8236,5.9346,7.6007,2.0526,6.8168,,,,,30.4332,29.9182,0.9421,0.0714
strict,degradation_type,skew,Tesseract (raw),3,3,0.0,3.7719,4.2967,1.8357,3.956,5.2976,6.5632,2.1053,5.9525,,,,,1.2053,0.8732,0.591,0.2567
strict,degradation_type,skew,Tesseract (preprocessed),3,3,0.0,3.7524,4.2298,1.9433,3.9289,5.4071,6.5413,2.2982,5.9616,,,,,1.117,0.8695,0.5121,0.3242
strict,degradation_type,uneven_illumination,PaddleOCR,2,2,0.0,0.1098,0.1156,0.1098,0.0818,0.4166,0.1179,0.4166,0.0833,,,,,8.1242,6.806,0.9146,0.1138
strict,degradation_type,uneven_illumination,Tesseract (raw),2,2,0.0,0.514,0.6873,0.514,0.486,0.6666,0.4714,0.6666,0.3334,,,,,0.432,0.1781,0.4697,0.6643
strict,degradation_type,uneven_illumination,Tesseract (preprocessed),2,2,0.0,0.4714,0.6271,0.4714,0.4435,0.6666,0.4714,0.6666,0.3334,,,,,0.4,0.1486,0.517,0.5968
strict,degradation_type,noise_blur,PaddleOCR,2,2,0.0,0.0581,0.016,0.0581,0.0113,0.4518,0.304,0.4518,0.2149,,,,,6.337,4.4099,0.9771,0.0281
strict,degradation_type,noise_blur,Tesseract (raw),2,2,0.0,0.5416,0.6482,0.5416,0.4584,0.8889,0.1571,0.8889,0.1111,,,,,0.2928,0.1039,0.4408,0.6235
strict,degradation_type,noise_blur,Tesseract (preprocessed),2,2,0.0,0.5347,0.658,0.5347,0.4653,0.8334,0.2357,0.8334,0.1667,,,,,0.2768,0.0849,0.4625,0.6541
strict,degradation_type,clean,PaddleOCR,4,4,0.0,1.4151,1.0827,1.5862,1.4892,1.743,1.0116,1.75,1.6181,,,,,10.9434,7.9757,0.8769,0.1026
strict,degradation_type,clean,Tesseract (raw),4,4,0.0,1.0187,0.7878,0.8473,0.5453,1.5382,0.9948,1.0625,0.6007,,,,,0.5684,0.2284,0.4482,0.0911
strict,degradation_type,clean,Tesseract (preprocessed),4,4,0.0,1.2456,0.8567,1.3811,1.0509,1.8617,1.0684,1.8889,1.8131,,,,,0.5294,0.1695,0.4091,0.2821
strict,degradation_type,low_contrast,PaddleOCR,4,4,0.0,0.3453,0.3783,0.3463,0.6422,0.6441,0.4785,0.7366,0.6149,,,,,11.711,6.7395,0.9517,0.0744
strict,degradation_type,low_contrast,Tesseract (raw),4,4,0.0,0.2664,0.2868,0.2394,0.4522,0.5296,0.3396,0.5714,0.3099,,,,,0.6145,0.3464,0.7555,0.3056
strict,degradation_type,low_contrast,Tesseract (preprocessed),4,4,0.0,0.3309,0.3511,0.3316,0.6041,0.653,0.4038,0.73,0.557,,,,,0.5088,0.202,0.7533,0.294
strict,degradation_type,faded_ink,PaddleOCR,2,2,0.0,0.741,0.0663,0.741,0.0469,1.1032,0.0373,1.1032,0.0264,,,,,7.3833,3.0326,0.8461,0.0857
strict,degradation_type,faded_ink,Tesseract (raw),2,2,0.0,0.7897,0.1975,0.7897,0.1396,1.4986,0.6003,1.4986,0.4245,,,,,0.4258,0.0167,0.5566,0.2768
strict,degradation_type,faded_ink,Tesseract (preprocessed),2,2,0.0,1.0161,0.1435,1.0161,0.1015,2.2408,1.0737,2.2408,0.7593,,,,,0.4932,0.0326,0.459,0.1822
strict,degradation_type,noise,PaddleOCR,2,2,0.0,0.4234,0.4977,0.4234,0.352,0.8,0.2828,0.8,0.2,,,,,5.5078,0.0081,0.8785,0.1297
strict,degradation_type,noise,Tesseract (raw),2,2,0.0,0.8167,0.0427,0.8167,0.0302,1.0333,0.1414,1.0333,0.1,,,,,0.3439,0.0209,0.6126,0.1942
strict,degradation_type,noise,Tesseract (preprocessed),2,2,0.0,0.8866,1.0661,0.8866,0.7539,2.5,2.5927,2.5,1.8333,,,,,0.3829,0.0726,0.4775,0.3957
normalized,document_type,handwritten,PaddleOCR,10,10,0.0,1.7844,3.549,0.6793,0.7013,2.4029,4.6242,1.0,0.4047,,,,,12.5109,18.2968,0.8563,0.0812
normalized,document_type,handwritten,Tesseract (raw),10,10,0.0,1.6342,2.3852,0.8045,0.2023,2.2538,3.6641,1.0,0.2324,,,,,0.6521,0.5496,0.3951,0.1974
normalized,document_type,handwritten,Tesseract (preprocessed),10,10,0.0,1.5509,2.3829,0.794,0.4931,2.5061,3.6684,1.0,1.3909,,,,,0.5894,0.5245,0.3164,0.2182
normalized,document_type,printed,PaddleOCR,10,10,0.0,0.5521,0.8155,0.0388,0.7634,0.6981,0.9434,0.1581,1.0707,,,,,11.8805,7.0235,0.9655,0.0411
normalized,document_type,printed,Tesseract (raw),10,10,0.0,0.4732,0.5906,0.2886,0.7302,0.6021,0.692,0.5009,1.0,,,,,0.5837,0.3424,0.7071,0.3127
normalized,document_type,printed,Tesseract (preprocessed),10,10,0.0,0.5904,0.6925,0.3294,0.9713,0.7968,0.8912,0.5534,1.2863,,,,,0.5118,0.236,0.7104,0.3045
normalized,degradation_type,blur,PaddleOCR,1,1,0.0,0.1918,,0.1918,0.0,0.7692,,0.7692,0.0,,,,,7.2925,,0.8448,
normalized,degradation_type,blur,Tesseract (raw),1,1,0.0,0.6849,,0.6849,0.0,0.9231,,0.9231,0.0,,,,,1.0217,,0.2744,
normalized,degradation_type,blur,Tesseract (preprocessed),1,1,0.0,0.4795,,0.4795,0.0,0.8462,,0.8462,0.0,,,,,0.4031,,0.25,
normalized,degradation_type,skew,PaddleOCR,3,3,0.0,4.6249,6.1853,1.868,5.7059,6.0177,8.2074,1.9828,7.4264,,,,,30.4332,29.9182,0.9421,0.0714
normalized,degradation_type,skew,Tesseract (raw),3,3,0.0,3.6195,4.1168,1.7507,3.7853,5.1488,6.4577,2.0,5.8536,,,,,1.2053,0.8732,0.591,0.2567
normalized,degradation_type,skew,Tesseract (preprocessed),3,3,0.0,3.5609,4.0566,1.8152,3.7644,5.2318,6.5192,2.0517,5.9089,,,,,1.117,0.8695,0.5121,0.3242
normalized,degradation_type,uneven_illumination,PaddleOCR,2,2,0.0,0.087,0.123,0.087,0.087,0.1666,0.2357,0.1666,0.1667,,,,,8.1242,6.806,0.9146,0.1138
normalized,degradation_type,uneven_illumination,Tesseract (raw),2,2,0.0,0.5,0.7071,0.5,0.5,0.5,0.7071,0.5,0.5,,,,,0.432,0.1781,0.4697,0.6643
normalized,degradation_type,uneven_illumination,Tesseract (preprocessed),2,2,0.0,0.413,0.5841,0.413,0.413,0.5,0.7071,0.5,0.5,,,,,0.4,0.1486,0.517,0.5968
normalized,degradation_type,noise_blur,PaddleOCR,2,2,0.0,0.0222,0.0314,0.0222,0.0222,0.1081,0.1529,0.1081,0.1081,,,,,6.337,4.4099,0.9771,0.0281
normalized,degradation_type,noise_blur,Tesseract (raw),2,2,0.0,0.5,0.7071,0.5,0.5,0.5,0.7071,0.5,0.5,,,,,0.2928,0.1039,0.4408,0.6235
normalized,degradation_type,noise_blur,Tesseract (preprocessed),2,2,0.0,0.5,0.7071,0.5,0.5,0.5,0.7071,0.5,0.5,,,,,0.2768,0.0849,0.4625,0.6541
normalized,degradation_type,clean,PaddleOCR,4,4,0.0,1.367,1.0713,1.5447,1.4295,1.522,1.1835,1.7,1.672,,,,,10.9434,7.9757,0.8769,0.1026
normalized,degradation_type,clean,Tesseract (raw),4,4,0.0,0.8754,0.7628,0.8218,0.5595,1.1312,1.0419,1.0,0.6313,,,,,0.5684,0.2284,0.4482,0.0911
normalized,degradation_type,clean,Tesseract (preprocessed),4,4,0.0,1.1028,0.8095,1.2556,0.85,1.4423,1.0944,1.647,1.5393,,,,,0.5294,0.1695,0.4091,0.2821
normalized,degradation_type,low_contrast,PaddleOCR,4,4,0.0,0.3368,0.389,0.3337,0.6706,0.5178,0.5987,0.5,1.0178,,,,,11.711,6.7395,0.9517,0.0744
normalized,degradation_type,low_contrast,Tesseract (raw),4,4,0.0,0.251,0.2899,0.2183,0.4544,0.4112,0.4596,0.3498,0.676,,,,,0.6145,0.3464,0.7555,0.3056
normalized,degradation_type,low_contrast,Tesseract (preprocessed),4,4,0.0,0.2981,0.3356,0.2766,0.5449,0.491,0.5105,0.482,0.8126,,,,,0.5088,0.202,0.7533,0.294
normalized,degradation_type,faded_ink,PaddleOCR,2,2,0.0,0.737,0.0826,0.737,0.0584,1.0472,0.0667,1.0472,0.0471,,,,,7.3833,3.0326,0.8461,0.0857
normalized,degradation_type,faded_ink,Tesseract (raw),2,2,0.0,0.7096,0.0907,0.7096,0.0641,1.0864,0.0954,1.0864,0.0675,,,,,0.4258,0.0167,0.5566,0.2768
normalized,degradation_type,faded_ink,Tesseract (preprocessed),2,2,0.0,0.832,0.0991,0.832,0.0701,1.6691,0.3592,1.6691,0.254,,,,,0.4932,0.0326,0.459,0.1822
normalized,degradation_type,noise,PaddleOCR,2,2,0.0,0.3956,0.4972,0.3956,0.3515,0.6923,0.4352,0.6923,0.3077,,,,,5.5078,0.0081,0.8785,0.1297
normalized,degradation_type,noise,Tesseract (raw),2,2,0.0,0.8027,0.046,0.8027,0.0325,0.9231,0.1088,0.9231,0.0769,,,,,0.3439,0.0209,0.6126,0.1942
normalized,degradation_type,noise,Tesseract (preprocessed),2,2,0.0,0.5787,0.7097,0.5787,0.5018,1.7077,1.5447,1.7077,1.0923,,,,,0.3829,0.0726,0.4775,0.3957
